tasks,run,algorithm,pred_makespan,sim_makespan,pred_util,sim_util,sim_imbalance,algo_time_ms
50,0,RoundRobin,56.132999999999996,56.13220833333333,0.5789433132025725,0.5798621260966483,1.3401920646165402,0.258958
50,0,MCT,24.2795,24.412833333333342,0.9674986442609335,0.9681895451162982,0.08734112503746005,0.005917
50,0,MinMin,25.307249999999996,25.30633333333333,0.9502039929269281,0.9549183998735495,0.10252226143487037,0.110208
50,0,MaxMin,23.81716666666667,24.001875000000016,0.9935956557944898,0.9907715543056531,0.01881803798300104,0.109167
50,0,GA,23.905,24.063916666666668,0.9948403402356549,0.9917192754019676,0.02331202566697361,47.566458
50,1,RoundRobin,48.206999999999994,48.206041666666664,0.587578740293595,0.5895431502793997,1.2680271350845735,0.001334
50,1,MCT,21.574875,21.57445833333335,0.9684416866069135,0.9744226873212344,0.04087458085865393,0.005167
50,1,MinMin,21.948166666666665,22.150791666666674,0.96830449012446,0.963644640240473,0.09671831561621724,0.109042
50,1,MaxMin,21.1115,21.39983333333334,0.9973466278252767,0.9928036822716688,0.015532457344577618,0.110458
50,1,GA,21.078249999999997,21.35545833333334,0.9984636611989453,0.9927887288768874,0.015564967032535359,18.952083
50,2,RoundRobin,61.3745,61.374208333333335,0.5106833185334843,0.5111456291696905,1.5264339139533425,0.001
50,2,MCT,25.54333333333334,25.686291666666662,0.8873084953673493,0.8854762024491015,0.23929306296879274,0.010625
50,2,MinMin,25.824499999999997,25.823416666666667,0.8957153091056944,0.8991387016306259,0.3376928212011804,0.111458
50,2,MaxMin,23.872125000000004,24.03600000000001,0.9964589104098047,0.9945082376435346,0.01380522088353436,0.114958
50,2,GA,23.9255,24.09883333333334,0.9962229977778242,0.9963483709446513,0.009162530802068906,19.268792
50,3,RoundRobin,63.260999999999996,63.31349999999998,0.5406266630836271,0.541312279371698,1.4544038748408883,8.34E-4
50,3,MCT,26.957833333333337,27.089208333333332,0.8793656141999542,0.8794756829672334,0.31912620028010646,0.005667
50,3,MinMin,27.271,27.360166666666682,0.8905021206898659,0.8912348243492668,0.3892065260481463,0.109042
50,3,MaxMin,25.1415,25.268625,0.9941597226365436,0.9930308831604411,0.0185911939910393,0.109708
50,3,GA,25.1375,25.187833333333344,0.9971238189955247,0.9991265624276271,0.004371005662439129,17.759834
50,4,RoundRobin,64.73400000000001,64.74995833333335,0.55564116229493,0.5557896755403318,1.5376302280222014,0.0015
50,4,MCT,25.1685,25.323833333333344,0.9785091814503579,0.9763760094245868,0.06476085835521267,0.006208
50,4,MinMin,26.355375000000002,26.41116666666667,0.8950827550989756,0.89409403850644,0.39839601254619394,0.096542
50,4,MaxMin,24.574499999999997,24.74491666666668,0.9970345276607867,0.9937764995504125,0.013419589211463941,0.108167
50,4,GA,24.565499999999997,24.742416666666678,0.997983622017328,0.9969445183541084,0.010864798795142773,17.034292
50,5,RoundRobin,63.931999999999995,63.93137500000001,0.563497022878475,0.5646657581404018,1.3212540307752825,0.001
50,5,MCT,27.481,27.59379166666668,0.9698306708877648,0.9694025377085121,0.07992675250215038,0.004792
50,5,MinMin,29.08966666666667,29.17441666666667,0.850640834660647,0.8500926896567486,0.3705821179625114,0.027959
50,5,MaxMin,26.7555,27.07112500000002,0.9936455432839353,0.98721516006446,0.019275005355467553,0.027291
50,5,GA,26.668,26.94825000000002,0.9976019949002548,0.9914873878637758,0.01822683236741135,18.104458
50,6,RoundRobin,50.974999999999994,51.04445833333333,0.5773536047081903,0.577962348181773,1.2169409015785209,8.34E-4
50,6,MCT,24.13733333333333,24.29595833333334,0.9232199083024913,0.9216848481314621,0.18855040179578197,0.004833
50,6,MinMin,25.15833333333333,25.268375000000002,0.8375750248426632,0.8392575699861982,0.42902175847934687,0.128959
50,6,MaxMin,22.973999999999997,23.099666666666668,0.994807173326369,0.9933332371318488,0.01438180048520457,0.049834
50,6,GA,22.954500000000003,23.195041666666675,0.9972340209254541,0.9943091285673481,0.014308607024586981,17.888958
50,7,RoundRobin,65.8395,65.83895833333334,0.5666627429835686,0.5672838080290608,1.4570837307630096,8.75E-4
50,7,MCT,27.452,27.53816666666668,0.9355575185778813,0.9351599900743817,0.16553673724100934,0.005959
50,7,MinMin,27.631375,27.631208333333337,0.921169322916431,0.9231747314706048,0.2869541184418745,0.013917
50,7,MaxMin,26.390000000000004,26.551583333333337,0.9927737779461916,0.9887530247725338,0.026449400146967735,0.017208
50,7,GA,26.324750000000005,26.54408333333335,0.9974111814927016,0.9946673615275218,0.014307339194723958,15.117084
50,8,RoundRobin,51.224,51.32133333333334,0.6181557147691186,0.6192038398586683,1.1397874444984066,8.75E-4
50,8,MCT,25.117624999999997,25.339750000000006,0.9436484672947117,0.9407580974555788,0.19698814491498184,0.004625
50,8,MinMin,26.522333333333332,26.64095833333334,0.8442806062814987,0.8455207598575503,0.4323436641019173,0.011292
50,8,MaxMin,24.384375000000002,24.560875000000014,0.9930467768806869,0.9905052242642006,0.01944287729920798,0.016834
50,8,GA,24.31925,24.588583333333347,0.9977651448955046,0.9928422065796118,0.013517618987476082,14.817583
50,9,RoundRobin,47.668,47.715916666666665,0.6327758314452742,0.6335426159335372,1.1448204987970034,6.67E-4
50,9,MCT,24.417875000000002,24.65741666666666,0.9083349117535138,0.9026378135043885,0.1927302095322535,0.004541
50,9,MinMin,25.69,25.68975000000001,0.866324445309459,0.8694190614285203,0.4081140384423814,0.013
50,9,MaxMin,22.924333333333337,23.139416666666683,0.9980090297064255,0.9933446896169235,0.014356929212363447,0.0215
50,9,GA,22.986666666666665,23.14487500000001,0.9964660672853829,0.9965543127798271,0.012518900287772437,14.78475
100,0,RoundRobin,99.93999999999998,100.06991666666667,0.6661719531719033,0.6668417664649465,1.0574589744665628,9.58E-4
100,0,MCT,51.670500000000004,51.96829166666665,0.9797145695641937,0.9775274827037962,0.04642758952843567,0.008958
100,0,MinMin,51.85066666666666,52.49408333333336,0.9646386738839745,0.9580070134888218,0.10500824887269836,0.04225
100,0,MaxMin,50.87733333333333,51.26958333333335,0.9981412809895697,0.9948234414492023,0.00866105427299915,0.049333
100,0,GA,51.129000000000005,51.44408333333333,0.9955925208785619,0.9936183137354636,0.01920150560149876,28.177417
100,1,RoundRobin,111.03949999999999,111.04358333333337,0.5768919318500774,0.5778100640664364,1.2928140859894963,0.00125
100,1,MCT,47.678666666666665,47.852333333333334,0.9642789227886686,0.965186650598717,0.06965790098535428,0.009292
100,1,MinMin,47.97799999999999,48.215208333333315,0.948195353425876,0.9466610206841721,0.15163271845271706,0.047583
100,1,MaxMin,46.78000000000001,47.15087500000002,0.9956669516887556,0.9933313361982502,0.019475575731361387,0.04475
100,1,GA,46.81416666666667,47.086416666666665,0.9966594869786566,0.9953277395993538,0.009388385784419143,27.605125
100,2,RoundRobin,111.88350000000001,111.97020833333336,0.5951183597223898,0.5957797554036881,1.2099217378812386,0.001
100,2,MCT,50.68800000000002,50.899000000000015,0.9645690301452018,0.9636445051310767,0.08109738227011487,0.009042
100,2,MinMin,50.61550000000001,50.89487500000001,0.9604424533986624,0.9572612501094986,0.10766950324500882,0.044167
100,2,MaxMin,49.569,49.86720833333335,0.9984277808038625,0.9973529699293039,0.006635138588106143,0.051375
100,2,GA,49.7065,50.09295833333333,0.9969928480178647,0.9936135401599193,0.015227453281687793,29.216708
100,3,RoundRobin,115.77400000000002,115.84279166666667,0.5860849586262892,0.5863697460674974,1.2703091138058726,0.001125
100,3,MCT,52.17933333333333,52.38425000000001,0.9622859944550206,0.9624815665013816,0.09485039085064863,0.008958
100,3,MinMin,52.7615,53.129708333333355,0.9364220754401095,0.9331456898329795,0.15357441029924196,0.044833
100,3,MaxMin,50.97633333333333,51.281416666666665,0.9971061734530403,0.9953218921084149,0.01056982698071596,0.054042
100,3,GA,51.0025,51.19924999999999,0.9973411434080028,0.9968314965551253,0.007271681685991676,28.262958
100,4,RoundRobin,94.602,94.76962500000002,0.6133992057955082,0.6136502949477044,1.280931309197525,0.001167
100,4,MCT,43.49033333333334,43.490875,0.9664950448758727,0.9699724367467889,0.05703949710342998,0.008167
100,4,MinMin,43.02387499999999,43.26741666666666,0.9816872995904409,0.9800604380894783,0.044859431800182675,0.04
100,4,MaxMin,42.577749999999995,42.90924999999999,0.9949232091096094,0.9926286290252103,0.018565278995702407,0.045083
100,4,GA,42.539500000000004,42.777875,0.9985254880757883,0.9984571463636284,0.005150792373315357,27.572625
100,5,RoundRobin,82.56699999999998,82.83775000000004,0.6797844982458691,0.6798021835857846,0.9802675330894399,0.001334
100,5,MCT,46.98637500000001,47.389791666666696,0.9211924024074355,0.9176258951690546,0.18004795402055676,0.008167
100,5,MinMin,46.17775000000001,46.32241666666664,0.9491649116728291,0.9497662218976055,0.12039971542522533,0.042625
100,5,MaxMin,44.935,45.21983333333334,0.9971304847743034,0.9950361014156769,0.010026958331265193,0.053917
100,5,GA,44.92283333333334,45.39487500000001,0.9970946474881,0.9918144210478973,0.014046433373837002,27.548459
100,6,RoundRobin,108.62500000000001,108.76733333333337,0.6190527809742998,0.6197464312201579,1.2951002474972122,0.001167
100,6,MCT,49.95125000000001,50.22695833333335,0.9859749922841436,0.9839349220662544,0.030094055939162114,0.009375
100,6,MinMin,50.51649999999999,50.80387500000001,0.9522410169614548,0.9496399962929336,0.13513985014458244,0.048667
100,6,MaxMin,49.50625,49.7805,0.9965078483356479,0.9955303783610048,0.009004600669922093,0.051291
100,6,GA,49.82450000000001,50.02008333333334,0.9940832321448282,0.9924743561336198,0.029050375358513427,28.087125
100,7,RoundRobin,125.805,126.01000000000003,0.5426528489858643,0.5434218183742031,1.5501442707300181,0.001125
100,7,MCT,48.74816666666667,49.04829166666668,0.9336260508942217,0.9312855782438907,0.14509548367228842,0.010209
100,7,MinMin,47.90299999999999,48.20454166666666,0.9626707443514326,0.9598331415867626,0.10977454334301473,0.057375
100,7,MaxMin,47.106500000000004,47.394541666666676,0.9955080509059258,0.9942799320245213,0.019427698139620204,0.047792
100,7,GA,47.082499999999996,47.48345833333334,0.9983364307332874,0.9951526979132206,0.010852859456880862,27.455791
100,8,RoundRobin,110.3445,110.34308333333335,0.5734899186940294,0.5742774996469344,1.3381441552761097,0.00125
100,8,MCT,46.862333333333325,47.10300000000003,0.9706935918683808,0.9704994020196873,0.05487081477873385,0.008834
100,8,MinMin,47.449875,47.757375000000025,0.9357465816998112,0.9337784652806678,0.16235073701591196,0.042458
100,8,MaxMin,45.90724999999999,46.06604166666667,0.9956034540658977,0.9949724354074991,0.013439675004222617,0.055
100,8,GA,45.91983333333334,46.202166666666685,0.9970815079903745,0.9954056988669364,0.008161212208187666,29.957875
100,9,RoundRobin,100.15199999999999,100.1865,0.655005641425034,0.6555613780299739,1.0347009062340131,0.001
100,9,MCT,51.47137500000001,51.641999999999996,0.9768486205520381,0.9767824638859843,0.07439585274468209,0.009667
100,9,MinMin,51.56599999999999,51.751083333333334,0.9664924562696352,0.9652007284871652,0.11787661106348954,0.04125
100,9,MaxMin,50.793000000000006,51.01300000000001,0.9972825979957868,0.9963499500127418,0.006827106959320699,0.046792
100,9,GA,50.77083333333333,51.010208333333324,0.998319080837095,0.9982748551147851,0.004320315383022939,28.336208
200,0,RoundRobin,213.50549999999998,213.597,0.6230053402215244,0.6237006293783776,1.1433524724345028,0.001875
200,0,MCT,99.9955,100.38700000000003,0.9922831527418734,0.9917882793588811,0.016598845048820875,0.0165
200,0,MinMin,102.206125,102.82079166666662,0.959942061528439,0.9571613069503209,0.08767113776288257,0.141042
200,0,MaxMin,99.51525000000004,100.0530833333333,0.9995844857948903,0.9976705698724926,0.004020569688677938,0.173041
200,0,GA,99.712,100.54037499999998,0.9965318450470689,0.9929789400526902,0.011313727046693974,56.900792
200,1,RoundRobin,234.99399999999991,235.11508333333336,0.5669726319253542,0.5679586698854213,1.3543811459087267,0.001625
200,1,MCT,100.5305,100.84304166666669,0.969463910620823,0.9701692357719277,0.07294310188482676,0.016542
200,1,MinMin,100.55512499999996,101.37429166666666,0.9625792320381485,0.9578231331661585,0.07860219809116806,0.148541
200,1,MaxMin,98.10150000000002,98.76937500000003,0.999245084597755,0.9964199429225911,0.00651106661169557,0.153958
200,1,GA,98.24375,98.75637500000005,0.9978594058146194,0.9956691403466358,0.008624137363795295,53.826625
200,2,RoundRobin,250.79999999999998,250.85754166666675,0.5455519670388091,0.5463013287255831,1.482010892259087,0.00175
200,2,MCT,98.65266666666666,98.81133333333335,0.9672547287115065,0.9696610375328066,0.06132356087607681,0.014333
200,2,MinMin,99.48783333333331,99.89204166666663,0.9561625625914058,0.9573166697880919,0.09743322192398021,0.134291
200,2,MaxMin,96.58,97.10504166666671,0.9988544902326224,0.9981875297412038,0.0034045523851855357,0.157209
200,2,GA,96.79325,97.25312499999995,0.9963878335180051,0.9961739018669065,0.009805841752809732,53.918791
200,3,RoundRobin,232.03250000000003,232.02929166666672,0.5721994763664572,0.5726602765491354,1.4243134549502579,0.001625
200,3,MCT,95.44674999999998,95.951625,0.9671005036839915,0.9656311188059608,0.05952665228518527,0.014917
200,3,MinMin,95.97049999999996,96.70041666666668,0.9576802246523676,0.9546697058354626,0.10110412180499499,0.142958
200,3,MaxMin,93.317875,93.87845833333333,0.9993409622754483,0.9975851755128416,0.005055964868429848,0.15825
200,3,GA,93.37337499999998,93.96283333333339,0.9984802948377952,0.9959695056733425,0.008663774319253168,53.375334
200,4,RoundRobin,192.8505,193.088375,0.6240078454554175,0.6246038461231376,1.1357911850302593,0.001458
200,4,MCT,92.61833333333333,92.90391666666663,0.974761296359612,0.9753706113933122,0.04275286948828815,0.01475
200,4,MinMin,93.385,94.09787500000003,0.9621366743409898,0.9589080341435268,0.07632475644744177,0.132583
200,4,MaxMin,91.03349999999999,91.83720833333331,0.9988989401337603,0.9944147547313111,0.009526948521262846,0.163583
200,4,GA,91.267,91.68925000000002,0.996606750888419,0.9959213684628606,0.007461328580082303,53.637958
200,5,RoundRobin,222.13950000000003,222.38508333333326,0.5688599581194098,0.5695827920113048,1.3493626252515947,0.001791
200,5,MCT,95.50962499999999,95.96108333333332,0.9672073189831217,0.9675628054080951,0.05707154271682184,0.014583
200,5,MinMin,96.2885,96.86262499999997,0.9592987047605201,0.9571657110607247,0.09241948545835156,0.132583
200,5,MaxMin,93.39137500000001,94.02370833333335,0.9994931723263164,0.9971687991814121,0.007156760156364283,0.1555
200,5,GA,93.52749999999996,94.1510833333333,0.9987051045592655,0.9961296249910383,0.00632285926875535,54.01975
200,6,RoundRobin,231.11250000000004,231.2610416666667,0.5705246723276903,0.5713168290162722,1.3727730007803944,0.00175
200,6,MCT,96.65266666666668,97.0435,0.9833493126590748,0.9833888926100149,0.02643781141447018,0.015834
200,6,MinMin,97.88062500000001,98.38891666666667,0.9589877976361512,0.9574572677986256,0.08583308667382264,0.132834
200,6,MaxMin,95.281125,95.96087499999999,0.9993720337230136,0.9962745233408928,0.006687786911288448,0.154792
200,6,GA,95.53349999999998,96.33933333333336,0.9969208881352267,0.9924620611865005,0.012561035896742297,53.105292
200,7,RoundRobin,234.28349999999998,234.36333333333334,0.5900982854817631,0.5904204298169511,1.3000245471957779,0.002125
200,7,MCT,102.21850000000005,102.47783333333338,0.9770661214294212,0.9784271232640553,0.05666407165328663,0.019667
200,7,MinMin,103.64083333333333,103.9031666666667,0.9589773979046226,0.9595848057245607,0.07768084631928465,0.15675
200,7,MaxMin,100.76000000000002,101.42454166666661,0.9992922125181948,0.9968789605079966,0.006693338368653364,0.16
200,7,GA,101.00200000000001,101.31908333333335,0.9981248721147438,0.9977556054346457,0.005396091765544081,54.370416
200,8,RoundRobin,197.33749999999998,197.36758333333336,0.6249237136040201,0.6258043050804949,1.1422862200334671,0.002084
200,8,MCT,94.26325000000001,94.6464583333332,0.9886067299115332,0.989146714857705,0.019349656427436513,0.0155
200,8,MinMin,96.26349999999998,96.66875000000003,0.9588395393892808,0.9582257278937953,0.08337023323315639,0.129542
200,8,MaxMin,93.5145,94.22370833333339,0.9991203681425519,0.9970304713649123,0.005483768727597761,0.155208
200,8,GA,93.73012500000003,94.21225000000001,0.9960002187130337,0.9949192735905716,0.011687824445702885,53.108416
200,9,RoundRobin,254.57000000000002,254.57833333333326,0.5269622958976574,0.5278598597681133,1.5113276226509538,0.001584
200,9,MCT,97.31983333333332,97.66604166666676,0.9867165651400283,0.986215184824135,0.02684721580070813,0.014417
200,9,MinMin,98.75300000000003,99.53958333333333,0.9632009491694766,0.9601323594047594,0.07644651573377992,0.135458
200,9,MaxMin,96.37549999999997,96.90054166666668,0.9990326898433732,0.9966006381973268,0.005966672065680153,0.157041
200,9,GA,96.49766666666665,97.072375,0.9981099715709881,0.9963862015326195,0.008917348585359546,55.983666
500,0,RoundRobin,529.9205,530.2982500000002,0.6078453434681869,0.6088742828524638,1.2214680377913751,0.002709
500,0,MCT,241.01262499999993,242.34245833333276,0.9921024192543165,0.9911999874832775,0.020764830583370694,0.03425
500,0,MinMin,241.8925,242.46162499999951,0.9894032817608372,0.9909248869107982,0.03306747574888185,0.659
500,0,MaxMin,239.72675000000004,241.32208333333276,0.999773144493331,0.9975866278296812,0.004910213874862514,0.776458
500,0,GA,240.42300000000014,241.5942916666662,0.997132241923609,0.9961193205620372,0.0074712222377316196,131.790583
500,1,RoundRobin,539.325,539.6238749999997,0.6113943046091566,0.6121225486301298,1.195586155103575,0.002917
500,1,MCT,246.51175,247.64149999999955,0.995121023642889,0.9944411578834726,0.01624707107400721,0.034709
500,1,MinMin,248.04649999999998,248.37112499999932,0.9898942335408883,0.9921940402693752,0.02694603610280884,0.688375
500,1,MaxMin,245.79249999999982,247.491291666666,0.9997031371312529,0.996938882192993,0.006007995867879527,0.868583
500,1,GA,246.38212499999997,248.1380833333325,0.9971361558798147,0.9939364406310061,0.00859439942224672,131.847541
500,2,RoundRobin,510.1265,510.409458333333,0.6082635385536725,0.6091735826146771,1.2637589816826538,0.002625
500,2,MCT,227.98925000000006,228.8697083333326,0.9952961232455769,0.9956946756278544,0.015787430481001997,0.03425
500,2,MinMin,229.58062500000003,231.5077916666661,0.9818969189291706,0.9780769077786619,0.047769954619647295,0.65975
500,2,MaxMin,227.18399999999994,228.9332499999995,0.9998111662793158,0.9967020954797959,0.0068882551251050975,0.804375
500,2,GA,227.9827500000001,229.2397499999994,0.9964782057706847,0.9945522100770048,0.009768481987658308,131.966125
500,3,RoundRobin,541.0585,541.2713749999997,0.5964648000170036,0.5972567673039549,1.2919938178078365,0.003
500,3,MCT,240.302875,241.39558333333235,0.9881754778561569,0.9876405153781119,0.02506042846616371,0.032917
500,3,MinMin,240.624,241.41891666666618,0.9901005302879181,0.9912407443907151,0.030771494811068847,0.638042
500,3,MaxMin,238.60887499999995,239.76416666666597,0.9997590897097465,0.998128577734371,0.003949807395092405,0.800209
500,3,GA,239.53400000000002,240.45649999999935,0.9948953662806393,0.9949457594201029,0.013913261377352661,132.167375
500,4,RoundRobin,541.3280000000002,541.4905000000001,0.5945293642055585,0.595152792769833,1.299192834156704,0.003084
500,4,MCT,235.29583333333335,236.7637499999995,0.9934027022719627,0.9918032567626307,0.013354558771148476,0.04825
500,4,MinMin,236.466,237.19112499999946,0.9891304317181613,0.9898176698924408,0.030444094291877423,0.704709
500,4,MaxMin,234.26399999999995,235.55558333333283,0.9997548705733705,0.9979085615673866,0.00447096578958705,0.825292
500,4,GA,235.125,236.01133333333274,0.9948574517100834,0.9950854408121643,0.016956818766246273,132.441292
500,5,RoundRobin,560.2394999999998,560.5472499999998,0.5756480636108903,0.5764301165810137,1.2815219947367773,0.004084
500,5,MCT,237.97174999999996,239.0793749999992,0.9943163771890292,0.9938479636731524,0.013978348001366115,0.038416
500,5,MinMin,238.9085,239.42349999999925,0.9896552445810843,0.9909470039490694,0.030766872070674536,0.698833
500,5,MaxMin,236.860125,238.68104166666623,0.9997737061060826,0.9960650414735845,0.006039113645014263,0.826875
500,5,GA,237.54200000000012,239.16891666666604,0.9964309118668133,0.9940145162397428,0.011160599660304433,131.931667
500,6,RoundRobin,570.0144999999998,570.7434166666665,0.5764438448495609,0.5767483666405265,1.3504335582050497,0.002917
500,6,MCT,239.3173333333333,240.30412499999966,0.9882824339231591,0.9872750485105768,0.028719278757881255,0.043833
500,6,MinMin,240.07799999999983,242.08812499999942,0.9832552337157094,0.9793185849161334,0.04497400470893092,0.625625
500,6,MaxMin,237.6981666666665,239.54191666666603,0.9997373419651958,0.9966035519879437,0.0061536127590502785,0.807834
500,6,GA,238.536,239.50266666666624,0.995338928575421,0.9945786964097825,0.013761124469161745,131.389792
500,7,RoundRobin,511.03399999999993,511.54570833333327,0.6105211362322925,0.6111418847631488,1.2398768809721896,0.0035
500,7,MCT,230.22199999999987,231.35495833333272,0.9935701192761773,0.9928711275008695,0.01837351343725049,0.019
500,7,MinMin,231.76900000000003,232.39116666666598,0.987716037663938,0.9894168022737526,0.03455137969035515,0.701833
500,7,MaxMin,229.41224999999986,231.13295833333268,0.9996413298185549,0.9970243678286902,0.006584899091877378,0.800375
500,7,GA,229.8077499999998,231.3994583333329,0.9968628850274494,0.9955562774113378,0.009007202940819173,130.386208
500,8,RoundRobin,544.5015000000001,544.8617916666668,0.5971921105818808,0.5981648863094715,1.3011963187070297,0.002625
500,8,MCT,238.306125,239.397041666666,0.9903423939830894,0.9908118817257733,0.01955262866110264,0.007584
500,8,MinMin,239.1490000000001,239.91574999999966,0.9883300787375234,0.9892692538943358,0.03456573240368769,0.662625
500,8,MaxMin,236.7776666666666,238.53495833333267,0.9998154034797766,0.9966558360855212,0.005991207870901991,0.815541
500,8,GA,237.49375000000003,238.63858333333283,0.9970204128178809,0.9963337166419372,0.008117128913725385,130.947583
500,9,RoundRobin,537.2954999999998,537.3815833333333,0.600839435655054,0.6016369807984054,1.25464636009823,0.003458
500,9,MCT,238.82875000000004,240.07533333333274,0.991796423169321,0.9907430098330245,0.022468713601242914,0.006541
500,9,MinMin,240.30700000000004,241.6758333333331,0.9816401519722685,0.9793043022506042,0.045324264701170305,0.643333
500,9,MaxMin,237.68366666666668,239.13558333333285,0.9996355099424864,0.9975198170354544,0.004851686446628042,0.812875
500,9,GA,238.22725000000003,239.75433333333314,0.9972464666965402,0.99435769669787,0.01034896023474107,131.537375
1000,0,RoundRobin,1016.3675,1017.2309166666665,0.6290912899779526,0.6298451244805033,1.1498502310345116,0.005042
1000,0,MCT,481.23725,484.2432916666667,0.9919898830220091,0.9899687648400567,0.01628525031894983,0.0125
1000,0,MinMin,479.92674999999997,482.61483333333285,0.9972896731983927,0.9953766616511649,0.00860813906943276,2.365416
1000,0,MaxMin,478.7956666666669,481.4135416666672,0.9995639928515083,0.9977056454841103,0.004463272524158556,2.8045
1000,0,GA,480.1566250000005,482.83154166666657,0.995332946480397,0.993277192864972,0.01220550375552573,259.788542
1000,1,RoundRobin,1083.6059999999998,1084.4681249999996,0.6094809598691777,0.6102706876085758,1.2217954621613454,0.005417
1000,1,MCT,487.71699999999987,489.5511666666674,0.9966058014517988,0.9963447300537532,0.01101075530270443,0.013042
1000,1,MinMin,488.2397500000001,490.14175,0.9959669916265522,0.9959096186630366,0.00936870064418069,2.313667
1000,1,MaxMin,486.57116666666667,489.34445833333353,0.9995635616167142,0.9972047297630408,0.005442456915583408,2.748584
1000,1,GA,488.0650000000004,491.0638333333342,0.9933091220773183,0.9908339648986572,0.020748952083550494,259.06575
1000,2,RoundRobin,1127.8090000000004,1128.5103333333338,0.5902543042897039,0.5907419692804463,1.3030910007511358,0.006083
1000,2,MCT,487.7976666666665,489.9391250000001,0.9949105776780404,0.9945728291584526,0.013938935913610302,0.013333
1000,2,MinMin,486.9089999999998,489.2159999999999,0.9976692256663979,0.9964883439353305,0.009375764159052639,2.443041
1000,2,MaxMin,486.07749999999976,488.772875,0.9995961549341418,0.9976722999068501,0.004245831399325417,2.685833
1000,2,GA,487.78649999999993,488.83225000000056,0.9968290772021501,0.9982939955373239,0.004707495907260251,258.959083
1000,3,RoundRobin,1050.4359999999997,1051.0609583333326,0.5991764768788073,0.5998519273957428,1.2519757238762963,0.005333
1000,3,MCT,465.0168750000004,467.4289166666675,0.9960455915354318,0.9952120349136865,0.007628499311734204,0.013167
1000,3,MinMin,465.59900000000005,466.9218750000001,0.9957449615083651,0.996888362391103,0.007531024534073155,2.505417
1000,3,MaxMin,463.8253333333336,466.7735416666674,0.9995526512853973,0.997006935465226,0.0058706951853942264,2.695709
1000,3,GA,464.6166666666669,467.2997916666673,0.9974209204720733,0.9959733557909602,0.008411790709275672,258.804
1000,4,RoundRobin,1057.401,1058.1348750000002,0.6035605224508016,0.6043886339788834,1.2434870412809065,0.005625
1000,4,MCT,473.17487500000004,476.52974999999986,0.9965000607157485,0.9942127432757345,0.007739043366047262,0.0125
1000,4,MinMin,472.8829999999996,475.88300000000044,0.9973707555568722,0.9951767731424179,0.012019068977455498,2.394959
1000,4,MaxMin,472.03299999999996,474.6674166666672,0.9995396508294974,0.997797545614833,0.0048650789330267515,2.714334
1000,4,GA,473.7199999999998,476.5819166666669,0.9956677115877176,0.9940174677910392,0.014181227064811437,259.191125
1000,5,RoundRobin,1103.5230000000004,1104.627916666667,0.5846107119350178,0.5852074925681986,1.294508623068747,0.00575
1000,5,MCT,476.4536250000004,478.8657500000005,0.992103463724652,0.9919052121253888,0.015332007736592976,0.013167
1000,5,MinMin,475.6667499999999,477.6600833333343,0.9957678703980609,0.9955724965504583,0.00954492079609189,2.367208
1000,5,MaxMin,473.93850000000015,477.47191666666697,0.9995535285696351,0.9970743829087331,0.005995116105826737,2.789875
1000,5,GA,475.7147499999999,477.8230000000007,0.9959923988062175,0.9961174605101331,0.007772759153542385,258.88225
1000,6,RoundRobin,1101.1550000000004,1102.01575,0.5962498845908765,0.5969496201241523,1.2599209548772854,0.005667
1000,6,MCT,487.3273750000002,489.5646250000008,0.996310180604978,0.9962346476048318,0.009473051281393878,0.012333
1000,6,MinMin,487.14425,490.9072500000005,0.9975233892904068,0.9941688068367294,0.012503209875202502,2.438833
1000,6,MaxMin,486.4143333333332,488.6607500000005,0.9995406351101225,0.9979864865348813,0.004285454135874966,2.762125
1000,6,GA,487.77799999999996,489.7745833333346,0.99741434628048,0.9969141756539361,0.007836534620576187,259.716583
1000,7,RoundRobin,1106.0179999999996,1107.0337499999994,0.5929146572056998,0.5935847484324661,1.2942980514849431,0.006583
1000,7,MCT,478.2310000000004,480.35141666666703,0.9937732845981677,0.9937395139704144,0.01575549033435022,0.012333
1000,7,MinMin,476.9999999999999,479.1517500000012,0.9969459818308877,0.9966197034655514,0.010431847256891898,2.402708
1000,7,MaxMin,476.0235000000001,478.82887500000095,0.9994843216773962,0.9972389579332143,0.005176191466868776,2.76525
1000,7,GA,477.6905,478.8117083333332,0.9965006805312927,0.9979087987005331,0.006733231886775235,258.8695
1000,8,RoundRobin,1075.5550000000005,1076.502000000002,0.6035112337351414,0.6040087710008893,1.2281006646015624,0.005917
1000,8,MCT,484.40625000000006,487.07179166666697,0.9940564006623228,0.9927116664783247,0.012845076184251231,0.012208
1000,8,MinMin,483.74875000000003,485.8337083333332,0.9966755986449579,0.996063485028185,0.009745043554438263,2.306083
1000,8,MaxMin,482.41949999999974,485.5292083333333,0.9995761987233107,0.997022870491571,0.005919000203253667,2.754292
1000,8,GA,484.1445000000001,486.31495833333355,0.9963695239747633,0.9960950889251383,0.012580269989394292,259.278958
1000,9,RoundRobin,1062.8235000000002,1063.6373749999998,0.6050412807645547,0.6056442952028958,1.2198191906531537,0.005791
1000,9,MCT,480.4171666666664,482.1403333333338,0.9965527702833273,0.997188301331355,0.00444932350523365,0.012042
1000,9,MinMin,480.2117499999999,482.3002500000007,0.9968617316562262,0.9961215031507863,0.008710172238536972,2.362042
1000,9,MaxMin,479.16316666666654,481.9376250000004,0.9995447618921741,0.9973335069380954,0.0047528269077950535,2.637459
1000,9,GA,480.7269999999999,484.14720833333354,0.9961021189434615,0.993205716615289,0.011131756508807088,259.713125
