tasks,algorithm,makespan_mean,makespan_std,util_mean,util_std,imbalance_mean,imbalance_std,algo_time_ms_mean
50,GA,24.38692916666668,1.645283083480719,0.9946787853323326,0.002522062976474494,0.01361546258211301,0.005100267266456995,20.1294292
50,MCT,25.351170833333338,1.8161332523090759,0.9353583414152776,0.03703340957785884,0.15751280734864023,0.08805569148270273,0.0058334
50,MaxMin,24.387391666666677,1.6744459856541984,0.9918042192781676,0.002393027305860306,0.01740725119128271,0.003994906694106259,0.0685125
50,MinMin,26.145658333333337,1.8534001003619276,0.8930495416999978,0.04386426628344855,0.325155163427464,0.1265154982196086,0.07314190000000001
50,RoundRobin,57.36279583333334,7.271767866542527,0.5740311230601209,0.03553302852399147,1.3406573822929768,0.14887094511057203,0.026787700000000005
100,GA,48.2711375,2.9302112338565722,0.995097026548995,0.0022752341664997507,0.01226710145073541,0.0075098960056368055,28.222029099999997
100,MCT,49.200479166666675,2.785180729726797,0.9618940903066632,0.021087068460372,0.08335769218934061,0.046273040633492475,0.0090669
100,MaxMin,48.19522500000001,2.89221961800103,0.9949627065931825,0.0013617559494172513,0.01226329136732353,0.005133085335157038,0.0499375
100,MinMin,49.284058333333334,3.0857004728052324,0.9533353965750084,0.014124490436325663,0.12082857696620723,0.033790090184800746,0.0451208
100,RoundRobin,106.18407916666669,12.092776731460326,0.6113260937807328,0.04444153497267019,1.2309792334167489,0.16906999901847555,0.0011376000000000001
200,GA,96.52960833333334,3.0891030688759624,0.9954365623137811,0.0015997253604294755,0.0090753969024738,0.0023246300121076203,54.224703999999996
200,MCT,97.66918333333334,2.9812611084504907,0.9777361003826893,0.009487292261338447,0.04395153275959207,0.02020113535739289,0.015704299999999997
200,MaxMin,96.41765416666667,3.0313649684223867,0.9968231365372981,0.0010349102026317395,0.00605074283048352,0.0017249789074069233,0.1588582
200,MinMin,99.02484583333333,3.074137691376868,0.9578444721766026,0.0015266244335848324,0.08568856034488623,0.008929628157159452,0.1386582
200,RoundRobin,226.46426666666667,20.329006261723606,0.5820208966354791,0.03383292792424567,1.321562316649502,0.13970537901427268,0.0017667
500,GA,238.39039166666612,5.287130862811442,0.9949480074902984,0.0008311461936843231,0.01090992000099869,0.0030550704671735867,131.6405541
500,MCT,238.72238333333271,5.373876843886233,0.9916328624378744,0.002737323566300109,0.0194306801834535,0.004946042407805378,0.029975
500,MaxMin,238.00928333333277,5.206691439749927,0.9971133359215422,0.0006521679254620578,0.0055847757865998,0.000970667226571137,0.8138417
500,MinMin,239.6444958333328,4.9698500236041445,0.9870510196525887,0.005702813156832226,0.03591813091491024,0.00735043495884825,0.6682125
500,RoundRobin,538.8173208333332,18.75930362643107,0.5986702209263625,0.013121518043395912,1.269967493926142,0.044704364075370734,0.0030919
1000,GA,482.34807916666716,7.341286483473348,0.9952637217287983,0.002361359964788038,0.01063095216795181,0.004627100166687853,259.2268916
1000,MCT,482.5686166666671,7.14606886759001,0.9942090443751999,0.0022218298210021164,0.01144574332548676,0.004036135875592028,0.012662499999999998
1000,MaxMin,481.3400208333337,7.217242387870792,0.9974043361040555,0.0003560004025375239,0.00510159237771071,0.0006801347637628403,2.7357961
1000,MinMin,482.0630500000003,7.487311752610872,0.9958385754814764,0.000801412924346662,0.00978378911053556,0.0015209208201124264,2.3899374
1000,RoundRobin,1079.3222,32.87375644701741,0.6020493270072753,0.012366716501875237,1.2466846943789887,0.04596225326170057,0.0057208
