algorithm,vm,load_seconds
RoundRobin,VM1,70.02041666666666
RoundRobin,VM2,100.06991666666666
RoundRobin,VM3,29.504833333333348
RoundRobin,VM4,34.23541666666667
RoundRobin,VM5,99.82341666666667
MCT,VM1,51.96829166666665
MCT,VM2,50.60591666666665
MCT,VM3,51.36929166666666
MCT,VM4,50.44891666666666
MCT,VM5,49.60974999999999
MinMin,VM1,50.80516666666669
MinMin,VM2,47.213250000000016
MinMin,VM3,51.86141666666669
MinMin,VM4,52.49408333333336
MinMin,VM5,49.07458333333336
MaxMin,VM1,51.26958333333335
MaxMin,VM2,50.82783333333335
MaxMin,VM3,50.93783333333336
MaxMin,VM4,51.04783333333336
MaxMin,VM5,50.93783333333335
GA,VM1,51.33408333333333
GA,VM2,51.22408333333334
GA,VM3,50.462583333333335
GA,VM4,51.44408333333333
GA,VM5,51.11408333333334
